{
  "schema_version": "spatial_bench_v3",
  "judge_model": "Qwen3-VL-8B-Instruct",
  "result_path": "benchmarks/spatial_v3/vqa/full93_uniform_20260717/layoutgpt/vqa_results.jsonl",
  "overall": {
    "cases": 93,
    "presence_micro": 0.9219330855018587,
    "cardinality_micro": 0.9070631970260223,
    "strict_relation_micro": 0.6707818930041153,
    "primary_relation_micro": 0.6666666666666666,
    "relation_count": 243,
    "primary_relation_count": 165,
    "case_exact_rate": 0.4946236559139785,
    "errors": 0
  },
  "by_capability": {
    "absolute_location_2d": {
      "cases": 6,
      "presence_micro": 1.0,
      "cardinality_micro": 0.8333333333333334,
      "strict_relation_micro": 1.0,
      "primary_relation_micro": 1.0,
      "relation_count": 6,
      "primary_relation_count": 6,
      "case_exact_rate": 0.8333333333333334,
      "errors": 0
    },
    "depth_front_back": {
      "cases": 12,
      "presence_micro": 0.9705882352941176,
      "cardinality_micro": 0.9411764705882353,
      "strict_relation_micro": 0.7692307692307693,
      "primary_relation_micro": 0.75,
      "relation_count": 26,
      "primary_relation_count": 20,
      "case_exact_rate": 0.5,
      "errors": 0
    },
    "multi_relation_composition": {
      "cases": 13,
      "presence_micro": 0.9183673469387755,
      "cardinality_micro": 0.8979591836734694,
      "strict_relation_micro": 0.6976744186046512,
      "primary_relation_micro": 0.6976744186046512,
      "relation_count": 43,
      "primary_relation_count": 43,
      "case_exact_rate": 0.5384615384615384,
      "errors": 0
    },
    "occlusion_visibility": {
      "cases": 10,
      "presence_micro": 0.8076923076923077,
      "cardinality_micro": 0.8076923076923077,
      "strict_relation_micro": 0.42857142857142855,
      "primary_relation_micro": 0.5833333333333334,
      "relation_count": 21,
      "primary_relation_count": 12,
      "case_exact_rate": 0.6,
      "errors": 0
    },
    "orientation_facing": {
      "cases": 10,
      "presence_micro": 0.96875,
      "cardinality_micro": 0.9375,
      "strict_relation_micro": 0.7027027027027027,
      "primary_relation_micro": 0.6428571428571429,
      "relation_count": 37,
      "primary_relation_count": 14,
      "case_exact_rate": 0.5,
      "errors": 0
    },
    "relative_position_2d": {
      "cases": 13,
      "presence_micro": 0.9333333333333333,
      "cardinality_micro": 0.9333333333333333,
      "strict_relation_micro": 0.7631578947368421,
      "primary_relation_micro": 0.7307692307692307,
      "relation_count": 38,
      "primary_relation_count": 26,
      "case_exact_rate": 0.5384615384615384,
      "errors": 0
    },
    "support_contact": {
      "cases": 13,
      "presence_micro": 0.9318181818181818,
      "cardinality_micro": 0.9545454545454546,
      "strict_relation_micro": 0.7878787878787878,
      "primary_relation_micro": 0.9166666666666666,
      "relation_count": 33,
      "primary_relation_count": 24,
      "case_exact_rate": 0.6923076923076923,
      "errors": 0
    },
    "yaw_direction": {
      "cases": 16,
      "presence_micro": 0.8787878787878788,
      "cardinality_micro": 0.8484848484848485,
      "strict_relation_micro": 0.4358974358974359,
      "primary_relation_micro": 0.1,
      "relation_count": 39,
      "primary_relation_count": 20,
      "case_exact_rate": 0.0625,
      "errors": 0
    }
  },
  "by_difficulty": {
    "diagnostic": {
      "cases": 42,
      "presence_micro": 0.9848484848484849,
      "cardinality_micro": 0.9393939393939394,
      "strict_relation_micro": 0.7142857142857143,
      "primary_relation_micro": 0.7142857142857143,
      "relation_count": 42,
      "primary_relation_count": 42,
      "case_exact_rate": 0.6904761904761905,
      "errors": 0
    },
    "hard": {
      "cases": 25,
      "presence_micro": 0.8646616541353384,
      "cardinality_micro": 0.8721804511278195,
      "strict_relation_micro": 0.6126760563380281,
      "primary_relation_micro": 0.6265060240963856,
      "relation_count": 142,
      "primary_relation_count": 83,
      "case_exact_rate": 0.08,
      "errors": 0
    },
    "normal": {
      "cases": 26,
      "presence_micro": 0.9714285714285714,
      "cardinality_micro": 0.9428571428571428,
      "strict_relation_micro": 0.7796610169491526,
      "primary_relation_micro": 0.7,
      "relation_count": 59,
      "primary_relation_count": 40,
      "case_exact_rate": 0.5769230769230769,
      "errors": 0
    }
  }
}
