{
  "schema_version": "spatial_bench_v3",
  "judge_model": "Qwen3-VL-8B-Instruct",
  "result_path": "benchmarks/spatial_v3/vqa/full93_uniform_20260717/t2i_blender/vqa_results.jsonl",
  "overall": {
    "cases": 93,
    "presence_micro": 0.966542750929368,
    "cardinality_micro": 0.9702602230483272,
    "strict_relation_micro": 0.7037037037037037,
    "primary_relation_micro": 0.6666666666666666,
    "relation_count": 243,
    "primary_relation_count": 165,
    "case_exact_rate": 0.5053763440860215,
    "errors": 0
  },
  "by_capability": {
    "absolute_location_2d": {
      "cases": 6,
      "presence_micro": 0.8333333333333334,
      "cardinality_micro": 0.8333333333333334,
      "strict_relation_micro": 0.8333333333333334,
      "primary_relation_micro": 0.8333333333333334,
      "relation_count": 6,
      "primary_relation_count": 6,
      "case_exact_rate": 0.8333333333333334,
      "errors": 0
    },
    "depth_front_back": {
      "cases": 12,
      "presence_micro": 0.9705882352941176,
      "cardinality_micro": 0.9705882352941176,
      "strict_relation_micro": 0.7692307692307693,
      "primary_relation_micro": 0.75,
      "relation_count": 26,
      "primary_relation_count": 20,
      "case_exact_rate": 0.6666666666666666,
      "errors": 0
    },
    "multi_relation_composition": {
      "cases": 13,
      "presence_micro": 0.9591836734693877,
      "cardinality_micro": 0.9591836734693877,
      "strict_relation_micro": 0.7674418604651163,
      "primary_relation_micro": 0.7674418604651163,
      "relation_count": 43,
      "primary_relation_count": 43,
      "case_exact_rate": 0.46153846153846156,
      "errors": 0
    },
    "occlusion_visibility": {
      "cases": 10,
      "presence_micro": 1.0,
      "cardinality_micro": 1.0,
      "strict_relation_micro": 0.5714285714285714,
      "primary_relation_micro": 0.5,
      "relation_count": 21,
      "primary_relation_count": 12,
      "case_exact_rate": 0.4,
      "errors": 0
    },
    "orientation_facing": {
      "cases": 10,
      "presence_micro": 1.0,
      "cardinality_micro": 1.0,
      "strict_relation_micro": 0.8378378378378378,
      "primary_relation_micro": 0.7857142857142857,
      "relation_count": 37,
      "primary_relation_count": 14,
      "case_exact_rate": 0.7,
      "errors": 0
    },
    "relative_position_2d": {
      "cases": 13,
      "presence_micro": 0.9333333333333333,
      "cardinality_micro": 0.9555555555555556,
      "strict_relation_micro": 0.6578947368421053,
      "primary_relation_micro": 0.6538461538461539,
      "relation_count": 38,
      "primary_relation_count": 26,
      "case_exact_rate": 0.46153846153846156,
      "errors": 0
    },
    "support_contact": {
      "cases": 13,
      "presence_micro": 0.9772727272727273,
      "cardinality_micro": 0.9772727272727273,
      "strict_relation_micro": 0.8181818181818182,
      "primary_relation_micro": 0.875,
      "relation_count": 33,
      "primary_relation_count": 24,
      "case_exact_rate": 0.7692307692307693,
      "errors": 0
    },
    "yaw_direction": {
      "cases": 16,
      "presence_micro": 0.9696969696969697,
      "cardinality_micro": 0.9696969696969697,
      "strict_relation_micro": 0.46153846153846156,
      "primary_relation_micro": 0.1,
      "relation_count": 39,
      "primary_relation_count": 20,
      "case_exact_rate": 0.0625,
      "errors": 0
    }
  },
  "by_difficulty": {
    "diagnostic": {
      "cases": 42,
      "presence_micro": 0.9848484848484849,
      "cardinality_micro": 0.9848484848484849,
      "strict_relation_micro": 0.6904761904761905,
      "primary_relation_micro": 0.6904761904761905,
      "relation_count": 42,
      "primary_relation_count": 42,
      "case_exact_rate": 0.6904761904761905,
      "errors": 0
    },
    "hard": {
      "cases": 25,
      "presence_micro": 0.9398496240601504,
      "cardinality_micro": 0.9473684210526315,
      "strict_relation_micro": 0.6901408450704225,
      "primary_relation_micro": 0.6385542168674698,
      "relation_count": 142,
      "primary_relation_count": 83,
      "case_exact_rate": 0.2,
      "errors": 0
    },
    "normal": {
      "cases": 26,
      "presence_micro": 1.0,
      "cardinality_micro": 1.0,
      "strict_relation_micro": 0.7457627118644068,
      "primary_relation_micro": 0.7,
      "relation_count": 59,
      "primary_relation_count": 40,
      "case_exact_rate": 0.5,
      "errors": 0
    }
  }
}
